{
    "0000965.jpg": [
        18.75,
        35.9375,
        182.03125,
        260.15625
    ],
    "0032323.jpg": [
        43.75,
        103.125,
        91.40625,
        263.28125
    ],
    "0114340.jpg": [
        28.90625,
        35.15625,
        173.4375,
        267.1875
    ],
    "0133099.jpg": [
        12.5,
        60.9375,
        147.65625,
        282.03125
    ],
    "0001316.jpg": [
        null,
        null,
        null,
        null
    ],
    "0009286.jpg": [
        null,
        null,
        null,
        null
    ],
    "0009289.jpg": [
        null,
        null,
        null,
        null
    ],
    "0010106.jpg": [
        null,
        null,
        null,
        null
    ],
    "0021860.jpg": [
        null,
        null,
        null,
        null
    ],
    "0021868.jpg": [
        null,
        null,
        null,
        null
    ],
    "0022741.jpg": [
        null,
        null,
        null,
        null
    ],
    "0029069.jpg": [
        null,
        null,
        null,
        null
    ],
    "0022072.jpg": [
        null,
        null,
        null,
        null
    ],
    "0022173.jpg": [
        null,
        null,
        null,
        null
    ],
    "0033872.jpg": [
        null,
        null,
        null,
        null
    ],
    "0034216.jpg": [
        null,
        null,
        null,
        null
    ],
    "0037035.jpg": [
        null,
        null,
        null,
        null
    ],
    "0037036.jpg": [
        null,
        null,
        null,
        null
    ],
    "0048145.jpg": [
        null,
        null,
        null,
        null
    ],
    "0059305.jpg": [
        null,
        null,
        null,
        null
    ],
    "0062500.jpg": [
        null,
        null,
        null,
        null
    ],
    "0071967.jpg": [
        null,
        null,
        null,
        null
    ],
    "0074597.jpg": [
        null,
        null,
        null,
        null
    ],
    "0074697.jpg": [
        null,
        null,
        null,
        null
    ],
    "0074739.jpg": [
        null,
        null,
        null,
        null
    ],
    "0074780.jpg": [
        null,
        null,
        null,
        null
    ],
    "0079765.jpg": [
        null,
        null,
        null,
        null
    ],
    "0092861.jpg": [
        null,
        null,
        null,
        null
    ],
    "0092963.jpg": [
        null,
        null,
        null,
        null
    ],
    "0097272.jpg": [
        null,
        null,
        null,
        null
    ],
    "0103639.jpg": [
        null,
        null,
        null,
        null
    ],
    "0109187.jpg": [
        null,
        null,
        null,
        null
    ],
    "0109469.jpg": [
        null,
        null,
        null,
        null
    ],
    "0109560.jpg": [
        null,
        null,
        null,
        null
    ],
    "0112397.jpg": [
        null,
        null,
        null,
        null
    ],
    "0115520.jpg": [
        null,
        null,
        null,
        null
    ],
    "0125053.jpg": [
        null,
        null,
        null,
        null
    ],
    "0131515.jpg": [
        null,
        null,
        null,
        null
    ],
    "0143872.jpg": [
        null,
        null,
        null,
        null
    ],
    "0151749.jpg": [
        null,
        null,
        null,
        null
    ],
    "0151994.jpg": [
        null,
        null,
        null,
        null
    ],
    "0153920.jpg": [
        null,
        null,
        null,
        null
    ],
    "0155289.jpg": [
        null,
        null,
        null,
        null
    ],
    "0170529.jpg": [
        null,
        null,
        null,
        null
    ],
    "0006939.jpg": [
        51.5625,
        66.40625,
        146.875,
        232.03125
    ],
    "0006997.jpg": [
        32.03125,
        37.5,
        170.3125,
        258.59375
    ],
    "0007027.jpg": [
        23.4375,
        15.625,
        180.46875,
        285.15625
    ],
    "0007110.jpg": [
        28.90625,
        29.6875,
        173.4375,
        269.53125
    ],
    "0008455.jpg": [
        35.9375,
        35.15625,
        161.71875,
        266.40625
    ],
    "0011419.jpg": [
        44.53125,
        50.0,
        157.03125,
        250.78125
    ],
    "0011433.jpg": [
        30.46875,
        31.25,
        168.75,
        267.1875
    ],
    "0019718.jpg": [
        52.34375,
        66.40625,
        150.0,
        234.375
    ],
    "0019732.jpg": [
        51.5625,
        60.15625,
        147.65625,
        234.375
    ],
    "0029942.jpg": [
        47.65625,
        57.8125,
        152.34375,
        234.375
    ],
    "0107844.jpg": [
        44.53125,
        43.75,
        158.59375,
        256.25
    ],
    "0114725.jpg": [
        46.09375,
        63.28125,
        153.125,
        298.4375
    ],
    "0008496.jpg": [
        50.78125,
        72.65625,
        152.34375,
        228.90625
    ],
    "0017521.jpg": [
        51.5625,
        52.34375,
        144.53125,
        236.71875
    ],
    "0017525.jpg": [
        49.21875,
        53.90625,
        147.65625,
        240.625
    ],
    "0019977.jpg": [
        54.6875,
        68.75,
        145.3125,
        224.21875
    ],
    "0056381.jpg": [
        32.03125,
        44.53125,
        168.75,
        256.25
    ],
    "0079382.jpg": [
        50.0,
        57.8125,
        148.4375,
        239.84375
    ],
    "0079442.jpg": [
        51.5625,
        60.15625,
        151.5625,
        235.9375
    ],
    "0079563.jpg": [
        50.78125,
        57.8125,
        150.78125,
        239.84375
    ],
    "0082128.jpg": [
        50.0,
        57.8125,
        152.34375,
        241.40625
    ],
    "0082135.jpg": [
        50.78125,
        58.59375,
        150.78125,
        239.84375
    ],
    "0082139.jpg": [
        50.0,
        57.03125,
        150.78125,
        240.625
    ],
    "0082193.jpg": [
        50.0,
        55.46875,
        150.0,
        240.625
    ],
    "0082216.jpg": [
        50.0,
        55.46875,
        150.78125,
        239.84375
    ],
    "0082314.jpg": [
        50.78125,
        56.25,
        152.34375,
        238.28125
    ],
    "0082345.jpg": [
        50.0,
        59.375,
        151.5625,
        239.84375
    ],
    "0084545.jpg": [
        44.53125,
        64.0625,
        160.9375,
        239.0625
    ],
    "0084669.jpg": [
        39.84375,
        61.71875,
        162.5,
        239.84375
    ],
    "0084677.jpg": [
        39.0625,
        62.5,
        162.5,
        239.84375
    ],
    "0087389.jpg": [
        34.375,
        46.875,
        164.84375,
        242.96875
    ],
    "0087425.jpg": [
        34.375,
        46.09375,
        169.53125,
        249.21875
    ],
    "0087556.jpg": [
        48.4375,
        75.78125,
        148.4375,
        224.21875
    ],
    "0087577.jpg": [
        49.21875,
        73.4375,
        147.65625,
        225.78125
    ],
    "0087607.jpg": [
        50.0,
        71.875,
        150.0,
        222.65625
    ],
    "0097600.jpg": [
        42.1875,
        40.625,
        154.6875,
        258.59375
    ],
    "0098747.jpg": [
        52.34375,
        82.8125,
        142.1875,
        223.4375
    ],
    "0099953.jpg": [
        19.53125,
        32.03125,
        181.25,
        270.3125
    ],
    "0101904.jpg": [
        46.09375,
        66.40625,
        153.125,
        231.25
    ],
    "0102012.jpg": [
        48.4375,
        67.96875,
        154.6875,
        229.6875
    ],
    "0102024.jpg": [
        39.0625,
        64.0625,
        151.5625,
        238.28125
    ],
    "0102040.jpg": [
        51.5625,
        69.53125,
        148.4375,
        217.96875
    ],
    "0102126.jpg": [
        37.5,
        52.34375,
        163.28125,
        242.96875
    ],
    "0102144.jpg": [
        19.53125,
        34.375,
        178.90625,
        269.53125
    ],